,semester,gender,height,age,study,likes_pinapple_on_pizza,likes_chocolate,english_skills,books_per_year
0,99.0,0.0,N/A,27.0,2.0,1,1.0,83.0,9.0
1,28.0,0.0,175.0,34.0,3.0,1,1.0,80.0,1.0
2,-1.0,0.0,N/A,22.0,4.0,1,unkwn,88.0,7.0
3,4.0,1.0,168.0,22.0,0.0,,1.0,89.0,5.0
4,13.0,0.0,N/A,25.0,0.0,0,0.0,N/A,7.0
5,2.0,1.0,175.0,22.0,5.0,0,0.0,87.0,1.0
6,99.0,1.0,166.0,34.0,4.0,,unkwn,98.0,3.0
7,30.0,0.0,174.0,31.0,4.0,1,1.0,97.0,2.0
8,1.0,1.0,162.0,22.0,1.0,,0.0,89.0,2.0
9,99.0,0.0,165.0,29.0,0.0,1,0.0,79.0,9.0
10,12.0,0.0,177.0,25.0,0.0,0,1.0,97.0,1.0
11,10.0,0.0,N/A,23.0,0.0,0,1.0,97.0,1.0
12,2.0,1.0,169.0,22.0,0.0,0,unkwn,96.0,0.0
13,28.0,1.0,146.0,33.0,0.0,0,unkwn,N/A,1.0
14,17.0,0.0,173.0,27.0,0.0,1,1.0,86.0,8.0
15,7.0,0.0,176.0,24.0,0.0,1,unkwn,N/A,6.0
16,3.0,1.0,174.0,22.0,0.0,0,1.0,97.0,6.0
17,19.0,1.0,153.0,32.0,1.0,0,unkwn,94.0,3.0
18,23.0,0.0,166.0,31.0,1.0,0,unkwn,N/A,4.0
19,6.0,0.0,176.0,25.0,4.0,0,0.0,95.0,2.0
20,1.0,1.0,162.0,22.0,4.0,0,0.0,81.0,5.0
21,25.0,0.0,N/A,31.0,0.0,0,0.0,95.0,2.0
22,5.0,1.0,179.0,24.0,0.0,,1.0,80.0,9.0
23,3.0,1.0,165.0,22.0,4.0,0,unkwn,85.0,6.0
24,99.0,0.0,170.0,27.0,1.0,0,1.0,96.0,1.0
25,22.0,0.0,175.0,29.0,0.0,,1.0,93.0,5.0
26,5.0,1.0,164.0,21.0,5.0,1,1.0,92.0,5.0
27,6.0,0.0,183.0,24.0,1.0,1,unkwn,87.0,3.0
28,9.0,0.0,179.0,22.0,1.0,0,0.0,N/A,4.0
29,99.0,0.0,181.0,28.0,0.0,,1.0,N/A,7.0
30,3.0,0.0,N/A,22.0,1.0,1,unkwn,78.0,1.0
31,2.0,0.0,N/A,23.0,0.0,1,1.0,94.0,2.0
32,5.0,0.0,184.0,21.0,0.0,0,unkwn,90.0,9.0
33,7.0,1.0,150.0,23.0,2.0,0,unkwn,N/A,4.0
34,-3.0,0.0,177.0,22.0,4.0,,unkwn,95.0,7.0
35,30.0,0.0,178.0,31.0,0.0,1,unkwn,N/A,9.0
36,7.0,0.0,167.0,24.0,6.0,,1.0,85.0,2.0
37,8.0,1.0,181.0,22.0,1.0,0,unkwn,81.0,2.0
38,3.0,0.0,180.0,22.0,0.0,0,1.0,79.0,0.0
39,99.0,0.0,N/A,28.0,1.0,,unkwn,N/A,4.0
40,11.0,0.0,175.0,26.0,3.0,0,1.0,73.0,1.0
41,8.0,0.0,177.0,22.0,4.0,0,1.0,94.0,6.0
42,18.0,0.0,180.0,29.0,1.0,1,unkwn,79.0,8.0
43,99.0,0.0,171.0,23.0,1.0,0,0.0,92.0,9.0
44,7.0,0.0,175.0,27.0,0.0,,unkwn,94.0,2.0
45,5.0,0.0,172.0,23.0,3.0,1,1.0,76.0,8.0
46,99.0,0.0,182.0,30.0,2.0,,unkwn,N/A,2.0
47,99.0,0.0,N/A,30.0,6.0,1,1.0,98.0,5.0
48,8.0,0.0,171.0,25.0,1.0,0,unkwn,93.0,2.0
49,99.0,0.0,N/A,29.0,0.0,0,unkwn,87.0,3.0
50,22.0,1.0,153.0,31.0,3.0,1,1.0,94.0,5.0
51,15.0,0.0,170.0,28.0,4.0,,0.0,92.0,3.0
52,9.0,0.0,171.0,27.0,4.0,,unkwn,97.0,6.0
53,99.0,0.0,170.0,28.0,4.0,1,1.0,N/A,0.0
54,99.0,0.0,164.0,27.0,3.0,0,0.0,90.0,2.0
55,23.0,0.0,N/A,32.0,0.0,0,unkwn,92.0,1.0
56,99.0,1.0,167.0,26.0,6.0,0,unkwn,91.0,2.0
57,16.0,0.0,182.0,27.0,2.0,1,unkwn,98.0,8.0
58,5.0,0.0,171.0,23.0,4.0,1,unkwn,88.0,1.0
59,2.0,0.0,N/A,20.0,1.0,0,0.0,78.0,5.0
60,-1.0,0.0,176.0,21.0,4.0,,0.0,86.0,6.0
61,17.0,0.0,182.0,28.0,5.0,,unkwn,84.0,5.0
62,15.0,1.0,175.0,29.0,1.0,1,1.0,90.0,5.0
63,7.0,0.0,N/A,28.0,3.0,,unkwn,79.0,4.0
64,14.0,1.0,163.0,23.0,1.0,0,1.0,81.0,4.0
65,16.0,1.0,164.0,29.0,3.0,,1.0,88.0,2.0
66,6.0,1.0,166.0,23.0,6.0,0,1.0,N/A,2.0
67,12.0,0.0,173.0,25.0,4.0,0,1.0,85.0,7.0
68,99.0,1.0,165.0,28.0,5.0,0,unkwn,74.0,2.0
69,8.0,1.0,174.0,26.0,0.0,,1.0,N/A,5.0
70,2.0,0.0,179.0,21.0,3.0,1,unkwn,93.0,5.0
71,7.0,0.0,169.0,27.0,4.0,0,0.0,88.0,3.0
72,5.0,0.0,163.0,22.0,5.0,,0.0,96.0,9.0
73,99.0,0.0,174.0,28.0,1.0,1,1.0,N/A,3.0
74,6.0,1.0,167.0,23.0,0.0,0,unkwn,91.0,8.0
75,9.0,1.0,167.0,25.0,1.0,0,unkwn,N/A,3.0
76,18.0,0.0,182.0,29.0,3.0,,1.0,N/A,3.0
77,10.0,0.0,167.0,26.0,0.0,0,unkwn,85.0,6.0
78,3.0,0.0,184.0,25.0,4.0,1,unkwn,N/A,0.0
79,13.0,0.0,N/A,26.0,0.0,,unkwn,N/A,3.0
80,99.0,0.0,167.0,24.0,3.0,0,1.0,85.0,2.0
81,5.0,0.0,174.0,23.0,4.0,1,unkwn,72.0,2.0
82,3.0,1.0,177.0,23.0,1.0,0,0.0,92.0,0.0
83,5.0,0.0,181.0,25.0,4.0,0,1.0,81.0,2.0
84,11.0,1.0,170.0,25.0,0.0,,1.0,90.0,1.0
85,-2.0,1.0,169.0,22.0,2.0,0,unkwn,98.0,2.0
86,7.0,0.0,169.0,25.0,4.0,0,0.0,74.0,1.0
87,1.0,1.0,168.0,21.0,3.0,0,unkwn,81.0,9.0
88,-3.0,0.0,N/A,23.0,2.0,1,1.0,82.0,2.0
89,99.0,0.0,184.0,28.0,1.0,1,0.0,86.0,2.0
90,17.0,0.0,178.0,29.0,0.0,1,0.0,89.0,4.0
91,99.0,0.0,176.0,28.0,0.0,1,1.0,73.0,7.0
92,11.0,0.0,N/A,25.0,2.0,1,0.0,77.0,5.0
93,10.0,0.0,N/A,23.0,4.0,0,1.0,75.0,2.0
94,6.0,0.0,177.0,25.0,4.0,,1.0,86.0,3.0
95,6.0,0.0,173.0,27.0,2.0,0,0.0,77.0,4.0
96,12.0,0.0,172.0,27.0,3.0,1,unkwn,88.0,3.0
97,8.0,0.0,N/A,21.0,1.0,0,unkwn,N/A,9.0
98,11.0,0.0,N/A,22.0,4.0,1,1.0,99.0,4.0
99,99.0,1.0,159.0,28.0,0.0,0,unkwn,76.0,5.0
100,21.0,0.0,179.0,25.0,2.0,,1.0,90.0,1.0
101,-1.0,0.0,N/A,23.0,0.0,0,unkwn,96.0,0.0
102,1.0,0.0,N/A,22.0,5.0,,1.0,96.0,7.0
103,4.0,1.0,161.0,24.0,2.0,0,1.0,85.0,1.0
104,11.0,0.0,163.0,26.0,0.0,,1.0,90.0,7.0
105,99.0,1.0,163.0,27.0,1.0,,1.0,89.0,2.0
106,5.0,0.0,177.0,26.0,3.0,0,1.0,91.0,7.0
107,16.0,0.0,180.0,26.0,4.0,0,unkwn,89.0,2.0
108,13.0,0.0,N/A,25.0,0.0,,unkwn,76.0,7.0
109,9.0,0.0,183.0,24.0,4.0,0,1.0,99.0,5.0
110,28.0,0.0,174.0,31.0,4.0,0,0.0,94.0,4.0
111,17.0,1.0,172.0,30.0,4.0,0,1.0,N/A,3.0
112,99.0,0.0,178.0,32.0,0.0,,1.0,96.0,9.0
113,9.0,0.0,N/A,27.0,0.0,0,1.0,99.0,2.0
114,99.0,0.0,184.0,28.0,4.0,,1.0,75.0,2.0
115,5.0,0.0,184.0,25.0,4.0,0,1.0,76.0,5.0
116,5.0,0.0,177.0,23.0,0.0,0,1.0,83.0,7.0
117,23.0,0.0,176.0,30.0,1.0,1,unkwn,87.0,4.0
118,15.0,0.0,N/A,24.0,0.0,,unkwn,N/A,6.0
119,12.0,1.0,167.0,29.0,0.0,0,1.0,81.0,3.0
120,11.0,1.0,170.0,25.0,4.0,0,1.0,97.0,3.0
121,5.0,0.0,N/A,23.0,3.0,0,1.0,84.0,2.0
122,22.0,0.0,178.0,32.0,3.0,,1.0,N/A,8.0
123,14.0,0.0,174.0,24.0,0.0,1,unkwn,81.0,2.0
124,99.0,1.0,171.0,25.0,3.0,1,unkwn,85.0,0.0
125,11.0,0.0,169.0,24.0,4.0,0,1.0,86.0,1.0
126,2.0,0.0,180.0,21.0,1.0,,1.0,96.0,8.0
127,99.0,0.0,N/A,27.0,6.0,,1.0,86.0,5.0
128,4.0,0.0,180.0,22.0,3.0,,1.0,97.0,4.0
129,1.0,0.0,183.0,22.0,1.0,1,1.0,98.0,4.0
130,7.0,0.0,179.0,25.0,0.0,0,unkwn,90.0,1.0
131,-1.0,0.0,171.0,22.0,2.0,0,0.0,79.0,3.0
132,9.0,1.0,172.0,24.0,0.0,0,unkwn,82.0,5.0
133,3.0,0.0,177.0,23.0,4.0,1,unkwn,90.0,0.0
134,99.0,0.0,N/A,27.0,2.0,0,1.0,N/A,7.0
135,8.0,0.0,177.0,24.0,2.0,,unkwn,88.0,8.0
136,17.0,1.0,159.0,28.0,4.0,0,unkwn,89.0,5.0
137,14.0,1.0,161.0,28.0,0.0,0,1.0,99.0,7.0
138,1.0,0.0,N/A,25.0,1.0,,1.0,98.0,2.0
139,23.0,0.0,184.0,31.0,1.0,1,unkwn,86.0,6.0
140,4.0,0.0,N/A,23.0,4.0,1,unkwn,88.0,7.0
141,3.0,0.0,168.0,25.0,1.0,1,0.0,86.0,2.0
142,15.0,0.0,177.0,28.0,3.0,,1.0,91.0,9.0
143,9.0,1.0,162.0,22.0,5.0,0,1.0,92.0,0.0
144,3.0,1.0,155.0,21.0,0.0,,1.0,93.0,9.0
145,7.0,0.0,175.0,21.0,0.0,0,1.0,N/A,6.0
146,19.0,0.0,N/A,27.0,2.0,0,1.0,85.0,5.0
147,99.0,1.0,158.0,29.0,0.0,,1.0,82.0,3.0
148,8.0,0.0,177.0,25.0,0.0,1,1.0,79.0,1.0
149,12.0,0.0,180.0,26.0,1.0,1,unkwn,85.0,2.0
150,14.0,0.0,174.0,29.0,1.0,0,1.0,70.0,7.0
151,15.0,0.0,N/A,26.0,5.0,0,unkwn,94.0,7.0
152,5.0,0.0,182.0,23.0,1.0,0,unkwn,N/A,3.0
153,99.0,0.0,172.0,23.0,4.0,,1.0,N/A,1.0
154,99.0,1.0,165.0,35.0,2.0,0,1.0,94.0,8.0
155,18.0,0.0,182.0,27.0,0.0,0,0.0,93.0,6.0
156,8.0,1.0,177.0,28.0,0.0,1,unkwn,98.0,5.0
157,7.0,1.0,166.0,22.0,0.0,0,1.0,N/A,4.0
158,20.0,0.0,173.0,28.0,0.0,,1.0,91.0,9.0
159,12.0,1.0,176.0,31.0,2.0,,1.0,68.0,0.0
160,4.0,0.0,N/A,23.0,1.0,0,1.0,91.0,9.0
161,4.0,1.0,169.0,20.0,5.0,0,1.0,N/A,3.0
162,30.0,0.0,N/A,33.0,1.0,0,1.0,89.0,2.0
163,99.0,0.0,161.0,27.0,1.0,0,1.0,93.0,3.0
164,5.0,1.0,171.0,21.0,1.0,,unkwn,73.0,0.0
165,13.0,0.0,168.0,29.0,0.0,1,0.0,89.0,2.0
166,12.0,1.0,157.0,27.0,1.0,0,1.0,86.0,0.0
167,12.0,1.0,159.0,24.0,2.0,0,unkwn,86.0,9.0
168,9.0,0.0,174.0,27.0,0.0,0,unkwn,88.0,3.0
169,12.0,1.0,163.0,24.0,4.0,0,0.0,97.0,4.0
170,6.0,0.0,N/A,22.0,4.0,1,0.0,96.0,7.0
171,3.0,0.0,169.0,23.0,2.0,0,1.0,92.0,3.0
172,22.0,1.0,174.0,26.0,1.0,,unkwn,91.0,3.0
173,1.0,0.0,166.0,21.0,0.0,,unkwn,N/A,4.0
174,6.0,0.0,N/A,21.0,0.0,,1.0,93.0,2.0
175,13.0,1.0,158.0,26.0,1.0,,unkwn,90.0,1.0
176,5.0,0.0,183.0,24.0,0.0,0,1.0,83.0,2.0
177,11.0,0.0,179.0,24.0,0.0,0,unkwn,N/A,2.0
178,9.0,1.0,172.0,20.0,6.0,0,unkwn,92.0,2.0
179,14.0,0.0,172.0,28.0,1.0,0,unkwn,83.0,2.0
180,12.0,0.0,N/A,23.0,5.0,,1.0,81.0,5.0
181,3.0,0.0,177.0,23.0,0.0,0,1.0,82.0,9.0
182,5.0,0.0,174.0,24.0,4.0,0,unkwn,93.0,5.0
183,32.0,0.0,N/A,36.0,4.0,0,1.0,84.0,3.0
184,23.0,1.0,163.0,28.0,3.0,0,1.0,90.0,2.0
185,3.0,1.0,172.0,23.0,4.0,0,0.0,N/A,5.0
186,6.0,0.0,167.0,22.0,1.0,1,1.0,91.0,7.0
187,11.0,0.0,179.0,24.0,1.0,1,unkwn,N/A,6.0
188,15.0,0.0,183.0,28.0,1.0,0,1.0,N/A,3.0
189,99.0,0.0,N/A,23.0,4.0,0,unkwn,93.0,4.0
190,22.0,0.0,183.0,30.0,1.0,1,1.0,93.0,2.0
191,9.0,0.0,184.0,26.0,0.0,,1.0,93.0,5.0
192,5.0,1.0,167.0,25.0,3.0,,1.0,77.0,4.0
193,17.0,0.0,178.0,28.0,0.0,,1.0,73.0,3.0
194,8.0,0.0,168.0,21.0,0.0,,1.0,96.0,8.0
195,14.0,1.0,173.0,27.0,6.0,,1.0,83.0,2.0
196,99.0,0.0,173.0,31.0,1.0,0,unkwn,N/A,6.0
197,12.0,1.0,164.0,32.0,4.0,1,unkwn,95.0,7.0
198,4.0,1.0,170.0,24.0,3.0,,0.0,87.0,1.0
199,5.0,0.0,169.0,23.0,5.0,1,1.0,85.0,9.0
200,8.0,0.0,N/A,23.0,1.0,0,1.0,90.0,7.0
201,9.0,1.0,145.0,24.0,2.0,0,1.0,76.0,1.0
202,15.0,1.0,172.0,28.0,3.0,1,unkwn,74.0,7.0
203,31.0,0.0,182.0,36.0,4.0,0,unkwn,N/A,4.0
204,99.0,0.0,175.0,35.0,0.0,0,1.0,N/A,2.0
205,12.0,1.0,155.0,27.0,0.0,,unkwn,84.0,5.0
206,6.0,0.0,N/A,22.0,4.0,1,unkwn,99.0,8.0
207,9.0,0.0,N/A,23.0,0.0,0,1.0,N/A,0.0
208,8.0,1.0,171.0,25.0,5.0,,unkwn,81.0,7.0
209,99.0,0.0,182.0,33.0,4.0,0,0.0,64.0,4.0
210,4.0,0.0,182.0,21.0,4.0,,1.0,81.0,3.0
211,99.0,1.0,154.0,32.0,1.0,0,1.0,92.0,3.0
212,13.0,1.0,173.0,27.0,0.0,1,1.0,76.0,1.0
213,99.0,0.0,183.0,28.0,1.0,0,1.0,N/A,3.0
214,14.0,0.0,N/A,28.0,0.0,0,unkwn,87.0,3.0
215,99.0,0.0,167.0,27.0,0.0,1,unkwn,90.0,1.0
216,16.0,0.0,166.0,27.0,2.0,,unkwn,N/A,9.0
217,99.0,0.0,183.0,26.0,2.0,0,1.0,97.0,5.0
218,99.0,0.0,N/A,24.0,2.0,,unkwn,98.0,2.0
219,99.0,1.0,174.0,32.0,0.0,1,1.0,87.0,0.0
220,2.0,1.0,163.0,20.0,1.0,0,1.0,N/A,1.0
221,5.0,0.0,175.0,23.0,5.0,0,1.0,N/A,4.0
222,6.0,0.0,N/A,24.0,4.0,0,unkwn,84.0,2.0
223,26.0,1.0,167.0,33.0,0.0,0,1.0,86.0,6.0
224,14.0,0.0,167.0,29.0,1.0,0,unkwn,71.0,3.0
225,4.0,0.0,182.0,23.0,5.0,,unkwn,92.0,7.0
226,18.0,0.0,181.0,27.0,0.0,,1.0,N/A,4.0
227,18.0,0.0,N/A,29.0,0.0,1,1.0,83.0,7.0
228,11.0,0.0,174.0,26.0,3.0,0,1.0,N/A,3.0
229,15.0,0.0,180.0,25.0,1.0,,1.0,70.0,0.0
230,99.0,0.0,179.0,26.0,1.0,1,1.0,94.0,3.0
231,14.0,0.0,N/A,28.0,4.0,1,0.0,82.0,4.0
232,9.0,1.0,162.0,23.0,3.0,1,1.0,80.0,6.0
233,99.0,0.0,183.0,28.0,2.0,,1.0,91.0,3.0
234,10.0,0.0,182.0,26.0,1.0,0,1.0,92.0,1.0
235,5.0,0.0,183.0,23.0,4.0,0,0.0,97.0,2.0
236,8.0,1.0,167.0,25.0,1.0,1,1.0,N/A,4.0
237,7.0,0.0,174.0,26.0,0.0,0,unkwn,N/A,9.0
238,8.0,1.0,164.0,26.0,0.0,,1.0,82.0,5.0
239,99.0,0.0,178.0,26.0,3.0,,1.0,79.0,4.0
240,10.0,0.0,183.0,25.0,2.0,1,unkwn,N/A,6.0
241,5.0,0.0,N/A,25.0,3.0,1,unkwn,72.0,2.0
242,13.0,0.0,180.0,23.0,0.0,0,unkwn,76.0,2.0
243,4.0,0.0,N/A,22.0,1.0,1,1.0,86.0,8.0
244,2.0,0.0,178.0,24.0,4.0,1,1.0,99.0,6.0
245,1.0,0.0,N/A,24.0,0.0,0,1.0,82.0,7.0
246,1.0,0.0,175.0,22.0,0.0,,0.0,83.0,7.0
247,4.0,0.0,178.0,23.0,1.0,0,unkwn,82.0,2.0
248,3.0,1.0,174.0,24.0,2.0,,unkwn,N/A,4.0
249,14.0,0.0,169.0,29.0,0.0,1,0.0,91.0,2.0
250,9.0,0.0,170.0,26.0,0.0,1,1.0,N/A,9.0
251,18.0,0.0,N/A,30.0,0.0,0,1.0,N/A,2.0
252,21.0,0.0,176.0,29.0,4.0,0,0.0,81.0,3.0
253,8.0,0.0,180.0,24.0,1.0,1,1.0,75.0,0.0
254,10.0,0.0,183.0,26.0,0.0,0,unkwn,N/A,3.0
255,5.0,1.0,165.0,24.0,1.0,1,1.0,84.0,5.0
256,13.0,0.0,181.0,25.0,0.0,0,1.0,N/A,0.0
257,12.0,1.0,175.0,23.0,4.0,,0.0,96.0,2.0
258,10.0,0.0,182.0,25.0,4.0,,1.0,82.0,6.0
259,6.0,0.0,169.0,23.0,5.0,1,1.0,94.0,1.0
260,12.0,1.0,177.0,24.0,6.0,1,unkwn,71.0,1.0
261,19.0,0.0,184.0,29.0,0.0,0,1.0,77.0,4.0
262,0.0,1.0,169.0,23.0,0.0,0,0.0,91.0,3.0
263,-3.0,0.0,184.0,22.0,0.0,0,1.0,82.0,4.0
264,10.0,1.0,176.0,26.0,2.0,0,0.0,73.0,1.0
265,12.0,0.0,N/A,26.0,1.0,0,unkwn,97.0,4.0
266,2.0,0.0,N/A,23.0,1.0,,unkwn,89.0,5.0
267,16.0,0.0,173.0,29.0,2.0,1,1.0,90.0,5.0
268,14.0,1.0,165.0,27.0,1.0,0,1.0,N/A,1.0
269,20.0,0.0,181.0,26.0,2.0,0,1.0,95.0,9.0
270,13.0,0.0,N/A,24.0,6.0,1,unkwn,94.0,2.0
271,3.0,0.0,N/A,25.0,0.0,0,unkwn,80.0,2.0
272,13.0,0.0,177.0,27.0,1.0,1,0.0,N/A,8.0
273,3.0,1.0,162.0,24.0,1.0,,unkwn,84.0,3.0
274,99.0,0.0,182.0,26.0,1.0,0,1.0,87.0,1.0
275,4.0,0.0,182.0,21.0,0.0,,unkwn,N/A,1.0
276,12.0,1.0,165.0,26.0,4.0,,1.0,N/A,6.0
277,99.0,0.0,179.0,28.0,1.0,0,0.0,75.0,5.0
278,13.0,1.0,161.0,27.0,0.0,0,unkwn,98.0,4.0
279,99.0,1.0,163.0,29.0,4.0,0,1.0,90.0,3.0
280,99.0,0.0,179.0,26.0,3.0,1,0.0,N/A,2.0
281,7.0,0.0,179.0,27.0,4.0,,1.0,79.0,2.0
282,42.0,0.0,173.0,37.0,0.0,0,1.0,82.0,7.0
283,17.0,1.0,180.0,30.0,1.0,0,0.0,91.0,1.0
284,10.0,1.0,157.0,24.0,0.0,,unkwn,68.0,6.0
285,16.0,0.0,183.0,30.0,2.0,1,unkwn,79.0,4.0
286,99.0,0.0,176.0,31.0,0.0,0,1.0,N/A,4.0
287,2.0,0.0,N/A,22.0,6.0,,1.0,85.0,0.0
288,19.0,0.0,184.0,28.0,4.0,0,unkwn,N/A,2.0
289,18.0,1.0,148.0,26.0,1.0,,1.0,97.0,2.0
290,16.0,0.0,178.0,25.0,2.0,,1.0,87.0,7.0
291,6.0,1.0,156.0,26.0,1.0,0,1.0,98.0,0.0
292,99.0,1.0,159.0,27.0,1.0,1,unkwn,78.0,6.0
293,99.0,0.0,172.0,24.0,5.0,0,1.0,91.0,1.0
294,1.0,1.0,141.0,21.0,0.0,,1.0,89.0,7.0
295,20.0,0.0,170.0,30.0,3.0,,0.0,N/A,3.0
296,99.0,0.0,174.0,26.0,6.0,1,1.0,63.0,2.0
297,25.0,1.0,152.0,32.0,3.0,,1.0,94.0,3.0
298,17.0,1.0,163.0,26.0,0.0,1,0.0,N/A,3.0
299,-1.0,0.0,N/A,21.0,1.0,0,0.0,77.0,1.0
300,0.0,0.0,N/A,23.0,1.0,,1.0,95.0,8.0
301,12.0,1.0,172.0,24.0,2.0,,unkwn,N/A,1.0
302,9.0,0.0,168.0,25.0,3.0,1,1.0,87.0,0.0
303,-3.0,1.0,168.0,22.0,4.0,1,unkwn,91.0,5.0
304,11.0,0.0,184.0,25.0,1.0,,unkwn,79.0,7.0
305,99.0,0.0,N/A,28.0,1.0,1,1.0,89.0,5.0
306,9.0,0.0,168.0,22.0,0.0,1,unkwn,97.0,8.0
307,10.0,0.0,N/A,24.0,0.0,0,0.0,87.0,5.0
308,10.0,1.0,178.0,25.0,0.0,0,unkwn,94.0,3.0
309,5.0,0.0,175.0,22.0,0.0,1,1.0,N/A,7.0
310,28.0,1.0,162.0,32.0,3.0,1,1.0,N/A,3.0
311,26.0,0.0,179.0,32.0,0.0,1,1.0,N/A,4.0
312,13.0,1.0,182.0,26.0,6.0,0,1.0,95.0,9.0
313,5.0,0.0,176.0,22.0,3.0,1,1.0,91.0,1.0
314,2.0,0.0,168.0,25.0,0.0,0,unkwn,87.0,8.0
315,25.0,0.0,183.0,31.0,0.0,1,1.0,N/A,2.0
316,2.0,0.0,172.0,22.0,4.0,0,unkwn,90.0,6.0
317,4.0,0.0,175.0,23.0,1.0,0,unkwn,73.0,1.0
318,38.0,0.0,180.0,34.0,0.0,0,1.0,96.0,2.0
319,24.0,1.0,176.0,33.0,3.0,0,1.0,91.0,5.0
320,18.0,0.0,177.0,25.0,1.0,1,1.0,94.0,6.0
321,-4.0,0.0,183.0,20.0,2.0,0,1.0,N/A,5.0
322,27.0,0.0,176.0,31.0,2.0,0,0.0,N/A,3.0
323,99.0,0.0,183.0,25.0,1.0,0,0.0,98.0,4.0
324,4.0,0.0,178.0,24.0,3.0,0,unkwn,83.0,5.0
325,99.0,1.0,172.0,26.0,1.0,0,unkwn,80.0,0.0
326,12.0,0.0,165.0,22.0,0.0,0,1.0,89.0,7.0
327,6.0,0.0,173.0,23.0,0.0,,unkwn,81.0,3.0
328,18.0,1.0,165.0,29.0,0.0,1,1.0,80.0,6.0
329,20.0,1.0,161.0,28.0,0.0,,0.0,88.0,2.0
330,19.0,0.0,178.0,28.0,0.0,0,1.0,89.0,8.0
331,3.0,0.0,169.0,22.0,5.0,0,1.0,85.0,3.0
332,11.0,0.0,183.0,22.0,3.0,1,0.0,97.0,7.0
333,11.0,0.0,173.0,27.0,0.0,0,unkwn,N/A,3.0
334,99.0,0.0,175.0,31.0,2.0,1,0.0,92.0,3.0
335,99.0,0.0,163.0,23.0,0.0,,1.0,85.0,5.0
336,7.0,1.0,174.0,24.0,4.0,,1.0,84.0,6.0
337,99.0,0.0,177.0,28.0,2.0,,unkwn,N/A,2.0
338,15.0,0.0,N/A,24.0,0.0,1,1.0,96.0,4.0
339,16.0,1.0,172.0,28.0,3.0,0,1.0,N/A,2.0
340,6.0,0.0,179.0,23.0,4.0,0,1.0,N/A,7.0
341,31.0,0.0,174.0,35.0,0.0,0,1.0,81.0,2.0
342,23.0,0.0,180.0,30.0,3.0,0,1.0,88.0,6.0
343,5.0,0.0,179.0,23.0,2.0,1,1.0,81.0,6.0
344,99.0,0.0,N/A,25.0,4.0,0,1.0,N/A,3.0
345,9.0,1.0,159.0,28.0,0.0,0,unkwn,91.0,1.0
346,8.0,0.0,167.0,23.0,0.0,,unkwn,97.0,5.0
347,13.0,0.0,183.0,26.0,0.0,0,1.0,79.0,3.0
348,99.0,1.0,165.0,30.0,3.0,,1.0,93.0,3.0
349,16.0,0.0,178.0,25.0,1.0,1,1.0,76.0,8.0
350,16.0,0.0,173.0,27.0,4.0,1,1.0,85.0,8.0
351,17.0,1.0,166.0,29.0,0.0,,unkwn,91.0,6.0
352,9.0,0.0,178.0,25.0,2.0,1,unkwn,96.0,5.0
353,2.0,0.0,N/A,23.0,2.0,0,1.0,96.0,4.0
354,8.0,0.0,178.0,24.0,5.0,0,unkwn,88.0,2.0
355,19.0,1.0,166.0,30.0,3.0,,unkwn,N/A,3.0
356,17.0,0.0,173.0,28.0,4.0,,0.0,N/A,3.0
357,6.0,1.0,177.0,23.0,0.0,1,1.0,85.0,3.0
358,8.0,0.0,171.0,24.0,2.0,,1.0,91.0,6.0
359,99.0,0.0,N/A,23.0,0.0,1,unkwn,N/A,6.0
360,11.0,1.0,163.0,25.0,2.0,,1.0,86.0,8.0
361,-1.0,0.0,180.0,21.0,1.0,1,0.0,N/A,3.0
362,99.0,1.0,161.0,26.0,5.0,0,1.0,89.0,2.0
363,18.0,1.0,156.0,30.0,0.0,0,unkwn,99.0,2.0
364,16.0,0.0,166.0,27.0,4.0,,0.0,91.0,4.0
365,15.0,0.0,N/A,27.0,1.0,,1.0,89.0,5.0
366,7.0,0.0,179.0,27.0,1.0,,unkwn,75.0,2.0
367,7.0,0.0,169.0,26.0,0.0,0,unkwn,94.0,6.0
368,16.0,0.0,172.0,29.0,2.0,1,1.0,93.0,2.0
369,20.0,0.0,179.0,28.0,3.0,1,1.0,87.0,5.0
370,-1.0,0.0,180.0,21.0,1.0,,unkwn,92.0,1.0
371,25.0,0.0,177.0,33.0,0.0,0,0.0,N/A,3.0
372,24.0,1.0,176.0,30.0,2.0,0,unkwn,68.0,2.0
373,99.0,0.0,N/A,26.0,0.0,0,unkwn,94.0,4.0
374,17.0,0.0,171.0,27.0,1.0,,unkwn,87.0,3.0
375,16.0,1.0,171.0,26.0,4.0,,1.0,84.0,4.0
376,-7.0,0.0,171.0,23.0,2.0,,0.0,90.0,3.0
377,5.0,0.0,183.0,23.0,1.0,,unkwn,N/A,6.0
378,9.0,0.0,N/A,25.0,4.0,1,1.0,78.0,4.0
379,8.0,0.0,182.0,23.0,1.0,,1.0,78.0,3.0
380,12.0,0.0,N/A,23.0,6.0,1,1.0,76.0,2.0
381,9.0,0.0,172.0,22.0,2.0,1,1.0,N/A,6.0
382,15.0,0.0,165.0,27.0,0.0,1,1.0,N/A,3.0
383,0.0,0.0,N/A,21.0,0.0,0,unkwn,98.0,9.0
384,21.0,0.0,183.0,28.0,0.0,0,0.0,72.0,2.0
385,22.0,0.0,181.0,26.0,0.0,1,1.0,89.0,5.0
386,23.0,0.0,164.0,29.0,0.0,0,0.0,88.0,1.0
387,99.0,0.0,171.0,32.0,1.0,,0.0,N/A,6.0
388,-6.0,1.0,172.0,22.0,4.0,1,unkwn,67.0,9.0
389,6.0,0.0,174.0,22.0,2.0,1,unkwn,91.0,2.0
390,18.0,0.0,181.0,30.0,4.0,0,0.0,93.0,4.0
391,19.0,0.0,N/A,25.0,0.0,,0.0,96.0,2.0
392,99.0,0.0,N/A,25.0,0.0,1,unkwn,89.0,1.0
393,1.0,0.0,178.0,23.0,4.0,1,unkwn,N/A,4.0
394,7.0,0.0,N/A,25.0,0.0,,1.0,91.0,5.0
395,12.0,0.0,N/A,24.0,0.0,1,1.0,87.0,4.0
396,4.0,0.0,N/A,22.0,4.0,,unkwn,89.0,7.0
397,99.0,1.0,160.0,32.0,4.0,0,1.0,93.0,3.0
398,99.0,0.0,N/A,28.0,4.0,,0.0,95.0,6.0
399,99.0,0.0,163.0,29.0,0.0,0,0.0,N/A,0.0
400,18.0,0.0,174.0,27.0,0.0,0,1.0,78.0,9.0
401,99.0,0.0,169.0,30.0,6.0,0,1.0,85.0,4.0
402,99.0,0.0,172.0,28.0,1.0,,unkwn,96.0,6.0
403,14.0,0.0,184.0,25.0,2.0,0,1.0,90.0,2.0
404,12.0,0.0,178.0,22.0,5.0,,unkwn,89.0,0.0
405,99.0,0.0,162.0,25.0,1.0,,1.0,92.0,0.0
406,5.0,0.0,172.0,23.0,0.0,0,1.0,90.0,9.0
407,16.0,0.0,180.0,29.0,0.0,0,unkwn,98.0,5.0
408,10.0,0.0,N/A,23.0,4.0,1,1.0,85.0,9.0
409,8.0,0.0,178.0,24.0,0.0,0,1.0,83.0,7.0
410,13.0,0.0,179.0,29.0,1.0,1,1.0,88.0,2.0
411,14.0,1.0,171.0,26.0,2.0,0,1.0,N/A,6.0
412,19.0,1.0,162.0,26.0,4.0,0,1.0,N/A,2.0
413,9.0,0.0,N/A,24.0,1.0,0,0.0,97.0,6.0
414,9.0,0.0,169.0,25.0,4.0,1,1.0,87.0,8.0
415,9.0,1.0,174.0,27.0,1.0,0,unkwn,87.0,2.0
416,6.0,0.0,N/A,25.0,1.0,0,0.0,84.0,8.0
417,11.0,0.0,179.0,25.0,3.0,0,0.0,89.0,2.0
418,99.0,0.0,184.0,26.0,2.0,0,1.0,89.0,9.0
419,99.0,0.0,179.0,32.0,0.0,0,0.0,97.0,9.0
420,15.0,0.0,179.0,27.0,4.0,0,unkwn,98.0,7.0
421,7.0,0.0,176.0,25.0,0.0,0,0.0,N/A,8.0
422,29.0,1.0,156.0,31.0,4.0,,1.0,86.0,8.0
423,99.0,1.0,166.0,27.0,1.0,0,1.0,87.0,5.0
424,2.0,0.0,168.0,23.0,1.0,,1.0,82.0,3.0
425,11.0,0.0,N/A,24.0,1.0,,unkwn,95.0,6.0
426,9.0,1.0,157.0,28.0,1.0,0,1.0,94.0,0.0
427,17.0,0.0,180.0,27.0,4.0,0,unkwn,94.0,4.0
428,28.0,0.0,N/A,30.0,0.0,0,unkwn,92.0,7.0
429,7.0,0.0,N/A,24.0,4.0,0,1.0,85.0,8.0
430,14.0,0.0,N/A,25.0,1.0,1,1.0,90.0,5.0
431,9.0,0.0,N/A,24.0,4.0,0,unkwn,84.0,2.0
432,4.0,0.0,180.0,24.0,3.0,,unkwn,97.0,3.0
433,8.0,0.0,173.0,24.0,2.0,,1.0,87.0,7.0
434,13.0,0.0,164.0,25.0,6.0,1,1.0,84.0,2.0
435,99.0,0.0,182.0,30.0,1.0,,1.0,69.0,4.0
436,99.0,0.0,N/A,26.0,1.0,0,1.0,93.0,0.0
437,11.0,0.0,161.0,27.0,6.0,0,1.0,87.0,1.0
438,7.0,1.0,178.0,24.0,6.0,,1.0,95.0,5.0
439,0.0,1.0,170.0,22.0,3.0,0,unkwn,74.0,3.0
440,8.0,0.0,178.0,25.0,4.0,1,1.0,87.0,0.0
441,18.0,0.0,N/A,28.0,3.0,1,1.0,N/A,2.0
442,5.0,0.0,184.0,24.0,5.0,0,unkwn,93.0,2.0
443,2.0,1.0,158.0,20.0,1.0,0,unkwn,96.0,7.0
444,99.0,0.0,181.0,26.0,1.0,0,1.0,93.0,3.0
445,99.0,0.0,N/A,24.0,1.0,0,unkwn,N/A,0.0
446,12.0,1.0,169.0,29.0,3.0,1,unkwn,78.0,8.0
447,99.0,0.0,172.0,26.0,0.0,0,unkwn,89.0,1.0
448,10.0,1.0,172.0,25.0,3.0,0,1.0,N/A,4.0
449,-2.0,0.0,162.0,22.0,0.0,1,1.0,81.0,4.0
450,6.0,1.0,158.0,27.0,4.0,,0.0,91.0,5.0
451,7.0,0.0,177.0,22.0,0.0,1,unkwn,N/A,1.0
452,6.0,1.0,166.0,23.0,5.0,1,1.0,93.0,8.0
453,4.0,0.0,162.0,21.0,3.0,0,0.0,N/A,8.0
454,20.0,0.0,169.0,30.0,1.0,,0.0,89.0,2.0
455,17.0,0.0,161.0,28.0,2.0,1,1.0,N/A,2.0
456,18.0,0.0,184.0,33.0,4.0,0,unkwn,N/A,7.0
457,99.0,1.0,149.0,30.0,2.0,0,1.0,88.0,6.0
458,18.0,1.0,178.0,27.0,0.0,0,unkwn,86.0,0.0
459,8.0,0.0,175.0,21.0,0.0,,unkwn,88.0,9.0
460,99.0,0.0,N/A,29.0,0.0,1,1.0,94.0,6.0
461,6.0,0.0,174.0,23.0,6.0,,unkwn,85.0,1.0
462,13.0,0.0,172.0,24.0,0.0,0,1.0,87.0,5.0
463,6.0,1.0,173.0,25.0,4.0,0,1.0,84.0,0.0
464,99.0,1.0,161.0,28.0,0.0,0,1.0,83.0,9.0
465,9.0,1.0,168.0,26.0,4.0,0,unkwn,90.0,1.0
466,11.0,1.0,173.0,29.0,0.0,0,unkwn,82.0,1.0
467,8.0,0.0,N/A,24.0,4.0,0,0.0,94.0,1.0
468,16.0,0.0,181.0,25.0,1.0,,1.0,92.0,2.0
469,2.0,0.0,N/A,21.0,0.0,1,1.0,N/A,7.0
470,4.0,1.0,176.0,22.0,2.0,,unkwn,97.0,5.0
471,21.0,0.0,177.0,30.0,5.0,1,1.0,90.0,4.0
472,15.0,1.0,167.0,29.0,2.0,,0.0,89.0,1.0
473,11.0,0.0,180.0,25.0,0.0,,unkwn,86.0,4.0
474,-0.0,1.0,150.0,22.0,0.0,1,1.0,84.0,2.0
475,99.0,0.0,162.0,24.0,2.0,0,1.0,79.0,7.0
476,5.0,0.0,N/A,24.0,1.0,1,1.0,83.0,5.0
477,99.0,1.0,167.0,24.0,0.0,0,1.0,88.0,0.0
478,17.0,1.0,155.0,25.0,1.0,0,1.0,90.0,7.0
479,99.0,0.0,180.0,27.0,1.0,1,1.0,91.0,1.0
480,5.0,0.0,168.0,24.0,2.0,1,unkwn,82.0,5.0
481,13.0,0.0,172.0,28.0,1.0,,unkwn,74.0,3.0
482,4.0,0.0,178.0,23.0,2.0,0,unkwn,89.0,3.0
483,15.0,1.0,178.0,24.0,1.0,1,1.0,92.0,6.0
484,15.0,0.0,166.0,25.0,1.0,0,1.0,80.0,4.0
485,11.0,0.0,181.0,24.0,0.0,,unkwn,94.0,9.0
486,17.0,0.0,184.0,28.0,0.0,,1.0,99.0,3.0
487,7.0,0.0,182.0,25.0,0.0,0,unkwn,92.0,2.0
488,99.0,0.0,179.0,26.0,2.0,0,0.0,N/A,3.0
489,3.0,0.0,173.0,21.0,1.0,1,unkwn,89.0,1.0
490,6.0,0.0,180.0,25.0,0.0,,1.0,88.0,3.0
491,4.0,0.0,173.0,21.0,1.0,0,1.0,82.0,2.0
492,17.0,0.0,170.0,32.0,0.0,0,0.0,71.0,6.0
493,3.0,0.0,177.0,24.0,2.0,1,unkwn,80.0,5.0
494,6.0,0.0,179.0,25.0,1.0,0,1.0,89.0,3.0
495,14.0,0.0,171.0,26.0,0.0,0,1.0,N/A,8.0
496,15.0,0.0,166.0,31.0,4.0,0,1.0,94.0,1.0
497,16.0,0.0,163.0,28.0,2.0,0,1.0,82.0,4.0
498,99.0,1.0,159.0,29.0,6.0,,1.0,96.0,5.0
499,99.0,0.0,177.0,28.0,4.0,0,1.0,85.0,2.0
500,0.0,0.0,N/A,24.0,2.0,0,0.0,91.0,7.0
501,20.0,0.0,164.0,31.0,5.0,,1.0,95.0,5.0
502,14.0,0.0,171.0,27.0,0.0,1,unkwn,N/A,2.0
503,2.0,0.0,181.0,21.0,4.0,,1.0,97.0,4.0
504,0.0,1.0,159.0,25.0,1.0,,unkwn,90.0,6.0
505,12.0,0.0,167.0,29.0,1.0,1,0.0,89.0,8.0
506,8.0,1.0,173.0,27.0,0.0,0,1.0,N/A,7.0
507,99.0,0.0,173.0,25.0,3.0,1,1.0,77.0,2.0
508,5.0,0.0,173.0,26.0,3.0,0,1.0,87.0,7.0
509,5.0,0.0,167.0,22.0,0.0,0,1.0,78.0,2.0
510,11.0,0.0,181.0,25.0,4.0,0,1.0,76.0,3.0
511,1.0,0.0,173.0,22.0,4.0,0,unkwn,90.0,3.0
512,5.0,0.0,174.0,25.0,1.0,1,unkwn,85.0,2.0
513,3.0,1.0,166.0,21.0,4.0,1,1.0,89.0,1.0
514,30.0,0.0,174.0,33.0,3.0,0,unkwn,88.0,0.0
515,3.0,0.0,175.0,24.0,3.0,0,1.0,81.0,2.0
516,4.0,1.0,163.0,22.0,0.0,0,1.0,83.0,9.0
517,4.0,0.0,N/A,22.0,0.0,0,unkwn,77.0,0.0
518,4.0,1.0,168.0,24.0,1.0,1,unkwn,N/A,7.0
519,99.0,0.0,178.0,29.0,0.0,0,1.0,86.0,0.0
520,8.0,0.0,N/A,27.0,0.0,1,1.0,N/A,3.0
521,16.0,0.0,165.0,26.0,0.0,,1.0,72.0,2.0
522,25.0,1.0,170.0,31.0,4.0,0,1.0,95.0,4.0
523,3.0,0.0,N/A,25.0,0.0,0,unkwn,85.0,3.0
524,0.0,0.0,166.0,22.0,2.0,,1.0,94.0,5.0
525,14.0,1.0,158.0,26.0,1.0,0,1.0,84.0,7.0
526,99.0,0.0,182.0,30.0,1.0,1,unkwn,85.0,4.0
527,4.0,0.0,173.0,20.0,0.0,,unkwn,92.0,3.0
528,4.0,0.0,N/A,21.0,4.0,0,0.0,N/A,2.0
529,15.0,1.0,167.0,24.0,5.0,0,1.0,N/A,2.0
530,13.0,1.0,171.0,25.0,0.0,0,1.0,75.0,6.0
531,10.0,0.0,N/A,27.0,0.0,0,1.0,84.0,4.0
532,21.0,1.0,162.0,28.0,4.0,0,1.0,95.0,6.0
533,20.0,0.0,182.0,28.0,2.0,,0.0,89.0,4.0
534,12.0,0.0,177.0,24.0,3.0,0,unkwn,86.0,2.0
535,11.0,0.0,N/A,26.0,2.0,0,0.0,99.0,2.0
536,6.0,0.0,N/A,22.0,0.0,0,unkwn,80.0,2.0
537,11.0,0.0,161.0,27.0,4.0,0,1.0,86.0,4.0
538,11.0,0.0,168.0,24.0,0.0,0,unkwn,85.0,0.0
539,9.0,0.0,N/A,26.0,0.0,1,1.0,85.0,6.0
540,-3.0,0.0,184.0,23.0,0.0,1,unkwn,86.0,8.0
541,8.0,0.0,170.0,25.0,3.0,0,1.0,95.0,2.0
542,99.0,1.0,156.0,29.0,1.0,,0.0,71.0,1.0
543,99.0,0.0,184.0,28.0,0.0,,1.0,79.0,7.0
544,4.0,1.0,158.0,23.0,0.0,1,1.0,N/A,5.0
545,26.0,0.0,N/A,28.0,1.0,,unkwn,82.0,6.0
546,10.0,1.0,160.0,26.0,4.0,0,1.0,76.0,6.0
547,99.0,0.0,166.0,27.0,3.0,1,1.0,85.0,1.0
548,18.0,0.0,N/A,28.0,0.0,,1.0,74.0,6.0
549,15.0,1.0,166.0,30.0,0.0,1,1.0,81.0,7.0
550,8.0,0.0,175.0,25.0,1.0,1,1.0,72.0,4.0
551,17.0,0.0,175.0,25.0,0.0,,0.0,N/A,2.0
552,99.0,1.0,160.0,26.0,1.0,0,1.0,72.0,2.0
553,8.0,0.0,177.0,23.0,1.0,1,1.0,89.0,3.0
554,7.0,0.0,169.0,26.0,1.0,,1.0,79.0,1.0
555,25.0,0.0,179.0,32.0,6.0,0,1.0,96.0,2.0
556,6.0,0.0,183.0,26.0,4.0,0,1.0,82.0,2.0
557,14.0,0.0,172.0,27.0,4.0,0,1.0,90.0,2.0
558,7.0,0.0,179.0,25.0,4.0,0,unkwn,83.0,2.0
559,6.0,1.0,159.0,21.0,4.0,0,1.0,86.0,1.0
560,11.0,0.0,174.0,28.0,4.0,,0.0,N/A,4.0
561,4.0,0.0,171.0,21.0,1.0,0,1.0,87.0,7.0
562,18.0,1.0,165.0,28.0,0.0,0,1.0,87.0,0.0
563,2.0,0.0,167.0,23.0,0.0,0,unkwn,89.0,2.0
564,21.0,0.0,178.0,32.0,1.0,,unkwn,87.0,3.0
565,99.0,0.0,176.0,26.0,0.0,0,unkwn,91.0,3.0
566,99.0,0.0,183.0,30.0,0.0,0,unkwn,N/A,0.0
567,11.0,1.0,163.0,25.0,1.0,0,1.0,98.0,5.0
568,10.0,1.0,175.0,26.0,5.0,0,1.0,73.0,0.0
569,8.0,1.0,175.0,28.0,0.0,0,unkwn,91.0,0.0
570,1.0,0.0,179.0,23.0,1.0,,1.0,99.0,7.0
571,3.0,0.0,172.0,25.0,4.0,,unkwn,94.0,2.0
572,11.0,0.0,158.0,22.0,0.0,1,unkwn,93.0,6.0
573,19.0,1.0,167.0,33.0,1.0,0,1.0,85.0,9.0
574,5.0,1.0,175.0,20.0,1.0,0,0.0,70.0,2.0
575,15.0,1.0,164.0,26.0,0.0,1,1.0,79.0,5.0
576,99.0,0.0,N/A,28.0,0.0,1,1.0,99.0,0.0
577,15.0,0.0,181.0,25.0,2.0,1,unkwn,93.0,2.0
578,21.0,0.0,179.0,31.0,0.0,0,unkwn,78.0,1.0
579,5.0,1.0,168.0,23.0,5.0,,unkwn,95.0,5.0
580,3.0,1.0,166.0,22.0,3.0,0,1.0,96.0,2.0
581,18.0,1.0,179.0,28.0,1.0,0,1.0,91.0,2.0
582,17.0,0.0,N/A,28.0,0.0,1,1.0,75.0,1.0
583,13.0,0.0,173.0,25.0,1.0,0,1.0,88.0,8.0
584,17.0,0.0,184.0,28.0,5.0,1,0.0,N/A,1.0
585,14.0,1.0,176.0,28.0,0.0,1,unkwn,84.0,4.0
586,99.0,0.0,170.0,28.0,0.0,1,1.0,N/A,9.0
587,2.0,0.0,N/A,22.0,0.0,0,unkwn,83.0,9.0
588,19.0,1.0,168.0,28.0,4.0,0,unkwn,92.0,8.0
589,23.0,0.0,181.0,31.0,1.0,0,unkwn,89.0,0.0
590,8.0,1.0,160.0,26.0,3.0,,0.0,N/A,3.0
591,-1.0,1.0,177.0,24.0,3.0,0,1.0,72.0,1.0
592,99.0,0.0,172.0,22.0,5.0,0,1.0,98.0,4.0
593,19.0,1.0,175.0,27.0,1.0,0,0.0,67.0,2.0
594,7.0,0.0,183.0,24.0,0.0,,unkwn,94.0,7.0
595,1.0,0.0,178.0,22.0,1.0,,1.0,84.0,6.0
596,99.0,0.0,171.0,22.0,2.0,0,1.0,90.0,8.0
597,10.0,1.0,170.0,26.0,0.0,,1.0,79.0,9.0
598,99.0,1.0,170.0,27.0,0.0,1,1.0,94.0,2.0
599,99.0,0.0,183.0,26.0,4.0,0,0.0,90.0,2.0
600,7.0,0.0,181.0,22.0,4.0,0,unkwn,83.0,2.0
601,6.0,0.0,181.0,25.0,1.0,0,1.0,94.0,8.0
602,25.0,1.0,165.0,35.0,0.0,0,1.0,79.0,5.0
603,6.0,0.0,172.0,22.0,6.0,,1.0,97.0,8.0
604,20.0,0.0,174.0,30.0,0.0,0,1.0,86.0,3.0
605,99.0,0.0,N/A,29.0,4.0,1,1.0,84.0,0.0
606,11.0,0.0,175.0,25.0,3.0,1,unkwn,86.0,5.0
607,13.0,0.0,165.0,27.0,3.0,0,1.0,89.0,4.0
608,4.0,0.0,N/A,24.0,1.0,1,1.0,N/A,2.0
609,4.0,1.0,160.0,22.0,3.0,1,1.0,88.0,2.0
610,29.0,1.0,156.0,33.0,0.0,0,1.0,97.0,7.0
611,21.0,0.0,176.0,31.0,4.0,,unkwn,75.0,1.0
612,99.0,1.0,167.0,28.0,4.0,,unkwn,80.0,6.0
613,99.0,0.0,175.0,25.0,3.0,1,1.0,N/A,2.0
614,5.0,0.0,174.0,23.0,0.0,0,unkwn,93.0,4.0
615,16.0,1.0,155.0,29.0,4.0,,1.0,91.0,2.0
616,99.0,1.0,160.0,28.0,0.0,0,1.0,N/A,7.0
617,10.0,1.0,171.0,23.0,3.0,0,1.0,N/A,2.0
618,2.0,1.0,174.0,22.0,5.0,1,1.0,83.0,5.0
619,25.0,0.0,178.0,33.0,1.0,0,1.0,91.0,3.0
620,-5.0,1.0,154.0,20.0,4.0,,unkwn,81.0,5.0
621,5.0,0.0,N/A,21.0,1.0,0,1.0,89.0,1.0
622,-0.0,0.0,184.0,21.0,4.0,,1.0,N/A,1.0
623,99.0,0.0,179.0,30.0,2.0,0,1.0,85.0,9.0
624,-0.0,0.0,180.0,20.0,0.0,0,unkwn,90.0,1.0
625,27.0,1.0,162.0,31.0,4.0,,1.0,81.0,9.0
626,6.0,0.0,179.0,25.0,3.0,,unkwn,86.0,2.0
627,5.0,0.0,179.0,24.0,2.0,0,unkwn,61.0,2.0
628,12.0,1.0,163.0,27.0,0.0,0,1.0,89.0,1.0
629,-2.0,1.0,169.0,24.0,4.0,,1.0,N/A,3.0
630,5.0,0.0,184.0,21.0,1.0,,1.0,98.0,4.0
631,99.0,0.0,181.0,28.0,1.0,0,unkwn,83.0,2.0
632,8.0,0.0,177.0,22.0,4.0,,1.0,82.0,5.0
633,6.0,0.0,N/A,22.0,0.0,,1.0,94.0,3.0
634,18.0,1.0,166.0,25.0,0.0,1,1.0,93.0,4.0
635,99.0,1.0,168.0,28.0,3.0,1,1.0,90.0,8.0
636,99.0,0.0,179.0,28.0,0.0,0,1.0,89.0,0.0
637,15.0,0.0,166.0,25.0,5.0,1,1.0,83.0,4.0
638,99.0,1.0,158.0,26.0,0.0,1,0.0,94.0,5.0
639,20.0,0.0,N/A,28.0,4.0,1,1.0,98.0,2.0
640,99.0,1.0,174.0,27.0,0.0,1,1.0,91.0,3.0
641,2.0,0.0,N/A,21.0,3.0,1,1.0,79.0,3.0
642,8.0,0.0,N/A,27.0,3.0,1,unkwn,77.0,1.0
643,6.0,1.0,156.0,22.0,1.0,1,1.0,87.0,4.0
644,4.0,1.0,162.0,24.0,0.0,0,unkwn,97.0,1.0
645,5.0,0.0,N/A,23.0,3.0,0,1.0,90.0,0.0
646,99.0,0.0,172.0,24.0,2.0,0,1.0,93.0,4.0
647,99.0,0.0,N/A,26.0,4.0,0,1.0,91.0,3.0
648,25.0,0.0,N/A,28.0,1.0,0,1.0,84.0,2.0
649,26.0,0.0,N/A,32.0,0.0,,1.0,82.0,2.0
650,99.0,0.0,168.0,26.0,0.0,1,unkwn,75.0,5.0
651,19.0,1.0,166.0,30.0,4.0,0,1.0,N/A,5.0
652,12.0,1.0,163.0,23.0,4.0,1,unkwn,84.0,3.0
653,19.0,1.0,162.0,28.0,2.0,1,1.0,92.0,5.0
654,17.0,0.0,176.0,26.0,0.0,0,1.0,98.0,4.0
655,14.0,0.0,173.0,23.0,0.0,,1.0,66.0,8.0
656,14.0,0.0,N/A,27.0,3.0,,unkwn,N/A,2.0
657,3.0,1.0,165.0,22.0,0.0,1,1.0,99.0,0.0
658,8.0,1.0,165.0,23.0,3.0,,unkwn,77.0,3.0
659,17.0,0.0,170.0,26.0,0.0,0,1.0,91.0,1.0
660,99.0,0.0,175.0,30.0,0.0,1,1.0,96.0,1.0
661,99.0,0.0,175.0,24.0,1.0,0,1.0,98.0,5.0
662,3.0,1.0,169.0,23.0,1.0,0,unkwn,77.0,1.0
663,99.0,1.0,163.0,31.0,4.0,,1.0,88.0,5.0
664,18.0,1.0,170.0,29.0,0.0,,0.0,83.0,6.0
665,6.0,0.0,178.0,23.0,0.0,1,1.0,81.0,0.0
666,5.0,0.0,N/A,23.0,1.0,1,unkwn,97.0,9.0
667,99.0,0.0,175.0,26.0,2.0,0,0.0,90.0,5.0
668,99.0,1.0,170.0,32.0,4.0,0,1.0,95.0,5.0
669,9.0,1.0,164.0,26.0,4.0,0,0.0,N/A,2.0
670,99.0,1.0,171.0,31.0,1.0,1,1.0,N/A,5.0
671,14.0,0.0,174.0,27.0,2.0,,1.0,87.0,4.0
672,4.0,0.0,176.0,25.0,1.0,,1.0,82.0,0.0
673,20.0,1.0,177.0,30.0,2.0,0,1.0,72.0,6.0
674,8.0,0.0,172.0,29.0,3.0,0,1.0,89.0,6.0
675,14.0,0.0,N/A,25.0,0.0,1,1.0,96.0,1.0
676,13.0,1.0,161.0,23.0,0.0,0,0.0,N/A,6.0
677,-1.0,0.0,174.0,21.0,1.0,0,1.0,92.0,2.0
678,6.0,0.0,N/A,23.0,0.0,0,unkwn,80.0,2.0
679,9.0,0.0,182.0,23.0,2.0,1,unkwn,93.0,4.0
680,99.0,0.0,181.0,29.0,0.0,1,1.0,94.0,6.0
681,-0.0,1.0,169.0,23.0,1.0,0,0.0,97.0,0.0
682,4.0,0.0,161.0,25.0,3.0,,1.0,83.0,7.0
683,9.0,0.0,N/A,25.0,6.0,0,1.0,92.0,2.0
684,21.0,1.0,167.0,31.0,0.0,,1.0,N/A,3.0
685,99.0,0.0,179.0,30.0,1.0,,unkwn,77.0,3.0
686,99.0,0.0,183.0,26.0,0.0,0,1.0,80.0,6.0
687,18.0,0.0,181.0,29.0,1.0,,unkwn,83.0,2.0
688,99.0,0.0,183.0,29.0,4.0,0,1.0,66.0,6.0
689,99.0,0.0,178.0,23.0,4.0,,1.0,83.0,3.0
690,12.0,0.0,171.0,26.0,0.0,1,1.0,96.0,7.0
691,14.0,0.0,178.0,27.0,2.0,0,unkwn,87.0,5.0
692,5.0,0.0,171.0,23.0,5.0,1,unkwn,95.0,5.0
693,6.0,0.0,167.0,25.0,0.0,0,1.0,79.0,1.0
694,13.0,0.0,169.0,27.0,0.0,0,1.0,90.0,6.0
695,16.0,1.0,173.0,29.0,1.0,1,unkwn,83.0,3.0
696,99.0,0.0,N/A,28.0,4.0,0,unkwn,98.0,5.0
697,18.0,1.0,166.0,29.0,4.0,1,unkwn,98.0,8.0
698,15.0,0.0,N/A,26.0,1.0,0,1.0,96.0,3.0
699,9.0,0.0,N/A,24.0,0.0,1,1.0,80.0,4.0
700,-2.0,0.0,181.0,21.0,1.0,,unkwn,N/A,8.0
701,99.0,1.0,165.0,33.0,4.0,,unkwn,99.0,3.0
702,18.0,1.0,173.0,28.0,1.0,1,0.0,83.0,2.0
703,18.0,1.0,N/A,31.0,0.0,1,1.0,97.0,7.0
704,10.0,0.0,N/A,24.0,0.0,0,1.0,N/A,4.0
705,27.0,0.0,175.0,29.0,3.0,0,1.0,73.0,5.0
706,8.0,0.0,175.0,24.0,0.0,0,unkwn,85.0,7.0
707,7.0,0.0,N/A,22.0,4.0,1,unkwn,76.0,4.0
708,12.0,0.0,175.0,29.0,1.0,0,1.0,80.0,6.0
709,24.0,0.0,181.0,31.0,0.0,,unkwn,81.0,7.0
710,7.0,0.0,175.0,24.0,4.0,0,1.0,N/A,1.0
711,10.0,0.0,N/A,21.0,0.0,0,0.0,95.0,5.0
712,11.0,0.0,174.0,27.0,1.0,0,1.0,74.0,7.0
713,17.0,0.0,N/A,27.0,0.0,0,1.0,88.0,7.0
714,8.0,0.0,N/A,23.0,1.0,0,1.0,92.0,2.0
715,26.0,0.0,170.0,30.0,4.0,0,1.0,98.0,2.0
716,14.0,0.0,174.0,27.0,0.0,0,0.0,99.0,1.0
717,15.0,0.0,177.0,28.0,0.0,,1.0,99.0,3.0
718,99.0,1.0,169.0,26.0,2.0,0,unkwn,79.0,9.0
719,21.0,1.0,158.0,26.0,6.0,1,unkwn,88.0,2.0
720,99.0,0.0,182.0,28.0,0.0,0,1.0,91.0,2.0
721,2.0,0.0,176.0,23.0,0.0,0,unkwn,87.0,4.0
722,8.0,1.0,168.0,27.0,0.0,0,0.0,66.0,3.0
723,16.0,1.0,143.0,27.0,0.0,,1.0,83.0,2.0
724,19.0,1.0,164.0,27.0,4.0,1,1.0,97.0,6.0
725,-3.0,0.0,181.0,21.0,1.0,0,unkwn,92.0,7.0
726,99.0,1.0,162.0,26.0,0.0,0,1.0,N/A,5.0
727,12.0,0.0,181.0,25.0,5.0,1,1.0,91.0,1.0
728,99.0,0.0,180.0,25.0,1.0,0,1.0,63.0,1.0
729,22.0,0.0,N/A,31.0,1.0,1,1.0,79.0,9.0
730,1.0,1.0,170.0,24.0,4.0,1,0.0,95.0,2.0
731,7.0,1.0,168.0,23.0,3.0,0,0.0,96.0,3.0
732,2.0,0.0,180.0,23.0,0.0,0,0.0,N/A,4.0
733,18.0,0.0,181.0,25.0,0.0,1,1.0,97.0,6.0
734,99.0,0.0,183.0,35.0,2.0,1,1.0,76.0,0.0
735,3.0,0.0,N/A,21.0,2.0,1,1.0,N/A,3.0
736,15.0,1.0,167.0,28.0,0.0,0,1.0,N/A,3.0
737,1.0,1.0,154.0,21.0,0.0,0,1.0,54.0,3.0
738,4.0,0.0,N/A,22.0,1.0,0,unkwn,82.0,5.0
739,2.0,0.0,171.0,23.0,3.0,,1.0,99.0,4.0
740,14.0,0.0,183.0,28.0,0.0,0,unkwn,89.0,2.0
741,24.0,0.0,175.0,34.0,4.0,0,1.0,81.0,3.0
742,20.0,0.0,180.0,28.0,4.0,0,0.0,99.0,8.0
743,5.0,1.0,182.0,24.0,4.0,0,1.0,95.0,0.0
744,99.0,0.0,N/A,26.0,4.0,0,unkwn,86.0,3.0
745,17.0,1.0,160.0,32.0,0.0,0,0.0,78.0,6.0
746,23.0,0.0,179.0,30.0,3.0,0,0.0,75.0,3.0
747,99.0,0.0,179.0,28.0,2.0,0,1.0,94.0,2.0
748,9.0,1.0,170.0,23.0,0.0,1,1.0,98.0,1.0
749,99.0,1.0,155.0,29.0,4.0,0,unkwn,96.0,7.0
750,99.0,0.0,N/A,27.0,2.0,1,unkwn,N/A,3.0
751,-1.0,0.0,N/A,22.0,4.0,0,1.0,80.0,1.0
752,9.0,1.0,154.0,24.0,1.0,,0.0,N/A,0.0
753,99.0,0.0,174.0,27.0,4.0,1,unkwn,86.0,6.0
754,99.0,0.0,177.0,29.0,0.0,1,1.0,88.0,4.0
755,-0.0,0.0,N/A,21.0,4.0,,1.0,99.0,9.0
756,-5.0,1.0,159.0,22.0,1.0,,1.0,93.0,9.0
757,2.0,0.0,181.0,23.0,0.0,,unkwn,68.0,5.0
758,10.0,0.0,182.0,29.0,0.0,1,1.0,N/A,7.0
759,4.0,0.0,N/A,24.0,2.0,0,unkwn,84.0,9.0
760,1.0,0.0,183.0,21.0,5.0,,1.0,85.0,2.0
761,-0.0,0.0,177.0,21.0,4.0,1,unkwn,90.0,1.0
762,4.0,1.0,162.0,22.0,0.0,0,1.0,85.0,0.0
763,0.0,0.0,N/A,21.0,4.0,0,1.0,83.0,2.0
764,99.0,0.0,177.0,29.0,2.0,0,1.0,N/A,3.0
765,99.0,0.0,175.0,28.0,4.0,,unkwn,92.0,4.0
766,7.0,0.0,180.0,20.0,2.0,0,1.0,88.0,3.0
767,99.0,0.0,179.0,28.0,4.0,0,unkwn,93.0,3.0
768,-2.0,1.0,152.0,20.0,1.0,0,1.0,N/A,9.0
769,9.0,1.0,157.0,23.0,5.0,0,1.0,84.0,6.0
770,14.0,0.0,176.0,25.0,6.0,1,unkwn,N/A,2.0
771,8.0,0.0,182.0,24.0,0.0,0,0.0,98.0,8.0
772,4.0,0.0,184.0,22.0,3.0,,unkwn,N/A,7.0
773,8.0,0.0,180.0,24.0,0.0,,unkwn,83.0,1.0
774,16.0,0.0,171.0,27.0,5.0,0,1.0,98.0,1.0
775,12.0,1.0,167.0,24.0,2.0,0,1.0,85.0,0.0
776,6.0,1.0,179.0,22.0,0.0,1,1.0,81.0,3.0
777,12.0,0.0,178.0,24.0,0.0,0,unkwn,96.0,1.0
778,6.0,0.0,180.0,21.0,3.0,1,1.0,N/A,7.0
779,19.0,0.0,173.0,30.0,5.0,0,0.0,86.0,9.0
780,99.0,0.0,182.0,23.0,4.0,1,unkwn,92.0,5.0
781,18.0,1.0,160.0,28.0,0.0,0,unkwn,65.0,2.0
782,14.0,0.0,173.0,25.0,0.0,1,1.0,98.0,7.0
783,11.0,0.0,N/A,24.0,0.0,1,1.0,82.0,9.0
784,99.0,0.0,171.0,29.0,5.0,1,unkwn,89.0,3.0
785,16.0,0.0,177.0,27.0,0.0,0,0.0,82.0,0.0
786,3.0,0.0,168.0,23.0,6.0,0,0.0,83.0,6.0
787,16.0,0.0,N/A,29.0,0.0,,1.0,93.0,2.0
788,5.0,0.0,175.0,21.0,4.0,0,1.0,92.0,3.0
789,2.0,0.0,170.0,23.0,5.0,0,0.0,73.0,2.0
790,6.0,0.0,174.0,23.0,4.0,,unkwn,97.0,8.0
791,99.0,0.0,173.0,28.0,0.0,,unkwn,N/A,4.0
792,20.0,1.0,174.0,32.0,0.0,0,unkwn,76.0,0.0
793,18.0,0.0,156.0,26.0,4.0,0,unkwn,89.0,5.0
794,99.0,1.0,168.0,29.0,0.0,0,unkwn,75.0,2.0
795,6.0,0.0,171.0,24.0,0.0,0,1.0,88.0,5.0
796,23.0,0.0,N/A,31.0,2.0,,1.0,99.0,2.0
797,99.0,0.0,165.0,32.0,4.0,0,unkwn,97.0,5.0
798,16.0,0.0,182.0,26.0,1.0,0,0.0,N/A,5.0
799,10.0,0.0,171.0,26.0,6.0,0,unkwn,83.0,7.0
800,15.0,0.0,172.0,26.0,3.0,1,1.0,85.0,3.0
801,10.0,0.0,178.0,25.0,4.0,0,1.0,92.0,6.0
802,99.0,0.0,N/A,33.0,1.0,0,1.0,83.0,0.0
803,99.0,0.0,183.0,27.0,4.0,1,1.0,82.0,7.0
804,9.0,0.0,176.0,23.0,2.0,,1.0,N/A,2.0
805,13.0,1.0,170.0,27.0,4.0,,0.0,88.0,3.0
806,19.0,0.0,180.0,29.0,2.0,0,0.0,N/A,6.0
807,7.0,1.0,172.0,24.0,4.0,,1.0,89.0,2.0
808,99.0,0.0,184.0,26.0,1.0,1,1.0,75.0,5.0
809,10.0,1.0,166.0,25.0,2.0,,unkwn,94.0,1.0
810,12.0,0.0,171.0,30.0,0.0,0,unkwn,92.0,2.0
811,7.0,1.0,164.0,20.0,4.0,0,1.0,87.0,7.0
812,6.0,0.0,172.0,27.0,0.0,,unkwn,75.0,6.0
813,8.0,0.0,174.0,26.0,0.0,1,1.0,90.0,2.0
814,17.0,0.0,N/A,28.0,1.0,0,unkwn,90.0,3.0
815,9.0,0.0,172.0,26.0,1.0,1,1.0,N/A,2.0
816,9.0,1.0,166.0,25.0,1.0,1,1.0,N/A,2.0
817,99.0,0.0,180.0,27.0,1.0,0,1.0,88.0,0.0
818,18.0,1.0,163.0,29.0,2.0,,unkwn,88.0,1.0
819,11.0,1.0,181.0,28.0,2.0,1,1.0,98.0,6.0
820,8.0,0.0,N/A,24.0,1.0,0,1.0,82.0,9.0
821,12.0,1.0,175.0,27.0,0.0,,unkwn,N/A,5.0
822,9.0,0.0,179.0,24.0,0.0,1,1.0,N/A,3.0
823,99.0,0.0,181.0,28.0,4.0,0,1.0,77.0,0.0
824,3.0,1.0,159.0,24.0,4.0,1,0.0,90.0,3.0
825,11.0,0.0,176.0,25.0,3.0,0,unkwn,96.0,3.0
826,99.0,0.0,171.0,32.0,4.0,0,1.0,N/A,9.0
827,13.0,0.0,171.0,25.0,4.0,,1.0,95.0,2.0
828,4.0,0.0,N/A,21.0,1.0,1,0.0,95.0,5.0
829,15.0,1.0,157.0,25.0,0.0,0,unkwn,N/A,2.0
830,19.0,1.0,171.0,30.0,1.0,,unkwn,84.0,1.0
831,99.0,0.0,182.0,27.0,0.0,0,1.0,94.0,3.0
832,-2.0,0.0,N/A,22.0,0.0,1,1.0,N/A,4.0
833,7.0,0.0,166.0,24.0,4.0,1,unkwn,87.0,3.0
834,14.0,0.0,178.0,26.0,4.0,1,0.0,99.0,0.0
835,5.0,0.0,183.0,24.0,1.0,1,1.0,73.0,0.0
836,2.0,1.0,165.0,21.0,2.0,0,unkwn,92.0,7.0
837,-2.0,0.0,165.0,21.0,1.0,1,1.0,95.0,4.0
838,2.0,0.0,180.0,23.0,2.0,0,1.0,90.0,7.0
839,99.0,0.0,N/A,27.0,6.0,1,0.0,N/A,8.0
840,7.0,0.0,175.0,23.0,3.0,0,0.0,N/A,6.0
841,9.0,1.0,172.0,22.0,2.0,0,1.0,89.0,6.0
842,11.0,0.0,N/A,22.0,3.0,,0.0,79.0,1.0
843,0.0,0.0,169.0,22.0,4.0,1,1.0,N/A,0.0
844,16.0,0.0,181.0,24.0,4.0,1,unkwn,88.0,0.0
845,13.0,0.0,178.0,25.0,1.0,,1.0,87.0,6.0
846,11.0,0.0,174.0,22.0,0.0,,1.0,N/A,2.0
847,6.0,0.0,179.0,28.0,0.0,,1.0,80.0,8.0
848,9.0,0.0,174.0,26.0,2.0,1,unkwn,87.0,6.0
849,15.0,0.0,N/A,26.0,4.0,0,unkwn,91.0,7.0
850,10.0,0.0,176.0,23.0,4.0,0,unkwn,92.0,2.0
851,26.0,1.0,173.0,33.0,1.0,,unkwn,91.0,6.0
852,0.0,0.0,178.0,21.0,0.0,1,0.0,93.0,5.0
853,99.0,1.0,175.0,30.0,0.0,0,unkwn,97.0,7.0
854,8.0,1.0,166.0,25.0,0.0,,unkwn,95.0,1.0
855,-6.0,0.0,172.0,21.0,4.0,0,unkwn,94.0,4.0
856,13.0,0.0,N/A,24.0,4.0,0,unkwn,96.0,9.0
857,17.0,0.0,N/A,29.0,0.0,0,1.0,94.0,2.0
858,7.0,0.0,165.0,24.0,1.0,0,unkwn,N/A,2.0
859,9.0,0.0,179.0,26.0,2.0,0,1.0,95.0,3.0
860,20.0,0.0,N/A,29.0,1.0,0,unkwn,86.0,6.0
861,-1.0,0.0,N/A,23.0,0.0,1,1.0,88.0,0.0
862,1.0,0.0,175.0,22.0,0.0,1,unkwn,87.0,0.0
863,18.0,0.0,177.0,28.0,4.0,0,0.0,75.0,7.0
864,6.0,1.0,180.0,24.0,4.0,1,1.0,N/A,0.0
865,0.0,0.0,164.0,24.0,1.0,1,1.0,87.0,7.0
866,99.0,1.0,167.0,31.0,1.0,0,1.0,93.0,7.0
867,7.0,0.0,176.0,23.0,2.0,0,1.0,83.0,1.0
868,99.0,0.0,165.0,24.0,0.0,0,1.0,91.0,3.0
869,17.0,1.0,170.0,27.0,0.0,,unkwn,72.0,9.0
870,9.0,1.0,171.0,24.0,6.0,,unkwn,68.0,1.0
871,16.0,0.0,179.0,28.0,4.0,1,unkwn,90.0,1.0
872,99.0,0.0,173.0,28.0,5.0,0,1.0,N/A,5.0
873,23.0,0.0,177.0,31.0,1.0,1,unkwn,94.0,2.0
874,99.0,1.0,157.0,28.0,2.0,0,1.0,93.0,4.0
875,5.0,0.0,N/A,22.0,1.0,0,1.0,76.0,8.0
876,99.0,0.0,175.0,24.0,0.0,1,0.0,89.0,6.0
877,6.0,0.0,170.0,25.0,3.0,1,1.0,79.0,7.0
878,5.0,1.0,174.0,24.0,4.0,0,unkwn,72.0,4.0
879,6.0,1.0,159.0,22.0,0.0,0,1.0,84.0,7.0
880,11.0,0.0,177.0,25.0,0.0,0,1.0,87.0,3.0
881,99.0,1.0,175.0,32.0,0.0,,unkwn,82.0,3.0
882,2.0,0.0,169.0,22.0,0.0,1,unkwn,68.0,4.0
883,14.0,0.0,N/A,27.0,5.0,0,unkwn,97.0,2.0
884,-0.0,0.0,166.0,22.0,4.0,,1.0,93.0,0.0
885,21.0,0.0,172.0,27.0,6.0,1,0.0,74.0,2.0
886,99.0,0.0,177.0,25.0,1.0,0,0.0,91.0,2.0
887,12.0,1.0,163.0,28.0,0.0,1,unkwn,94.0,6.0
888,9.0,1.0,176.0,26.0,1.0,0,unkwn,92.0,1.0
889,9.0,1.0,147.0,25.0,0.0,0,1.0,90.0,3.0
890,10.0,0.0,184.0,25.0,1.0,1,unkwn,N/A,5.0
891,99.0,1.0,164.0,24.0,0.0,,1.0,76.0,6.0
892,99.0,0.0,168.0,28.0,0.0,0,unkwn,93.0,3.0
893,8.0,0.0,182.0,25.0,4.0,0,1.0,92.0,6.0
894,99.0,0.0,183.0,28.0,4.0,,unkwn,85.0,2.0
895,99.0,0.0,178.0,26.0,3.0,,1.0,97.0,3.0
896,12.0,0.0,180.0,26.0,0.0,0,1.0,76.0,5.0
897,37.0,1.0,163.0,36.0,4.0,0,1.0,90.0,4.0
898,17.0,0.0,166.0,26.0,0.0,1,unkwn,76.0,3.0
899,9.0,0.0,181.0,28.0,2.0,0,1.0,92.0,5.0
900,5.0,0.0,184.0,25.0,1.0,,unkwn,N/A,4.0
901,7.0,1.0,161.0,24.0,0.0,0,1.0,99.0,9.0
902,10.0,0.0,181.0,23.0,2.0,1,1.0,75.0,1.0
903,18.0,1.0,157.0,33.0,4.0,,unkwn,81.0,6.0
904,2.0,0.0,N/A,23.0,1.0,0,1.0,86.0,4.0
905,99.0,1.0,158.0,29.0,5.0,0,1.0,92.0,2.0
906,9.0,0.0,182.0,27.0,1.0,,unkwn,99.0,5.0
907,20.0,0.0,184.0,30.0,0.0,,unkwn,N/A,3.0
908,11.0,0.0,175.0,29.0,2.0,0,1.0,93.0,1.0
909,6.0,1.0,156.0,22.0,1.0,1,unkwn,86.0,7.0
910,9.0,0.0,177.0,23.0,0.0,,unkwn,90.0,4.0
911,9.0,0.0,171.0,27.0,0.0,0,1.0,92.0,5.0
912,5.0,1.0,161.0,27.0,3.0,0,unkwn,93.0,8.0
913,20.0,0.0,163.0,31.0,2.0,0,0.0,90.0,6.0
914,-2.0,0.0,172.0,22.0,0.0,1,unkwn,89.0,2.0
915,-0.0,0.0,180.0,22.0,1.0,1,unkwn,94.0,7.0
916,2.0,1.0,164.0,22.0,4.0,,0.0,90.0,7.0
917,16.0,0.0,171.0,29.0,0.0,1,1.0,84.0,6.0
918,12.0,0.0,177.0,27.0,0.0,0,0.0,87.0,9.0
919,9.0,1.0,174.0,26.0,0.0,0,0.0,N/A,6.0
920,2.0,1.0,170.0,23.0,1.0,0,1.0,92.0,5.0
921,14.0,0.0,157.0,28.0,1.0,0,1.0,N/A,3.0
922,9.0,0.0,159.0,23.0,0.0,1,unkwn,84.0,6.0
923,26.0,1.0,161.0,31.0,1.0,0,1.0,81.0,2.0
924,18.0,1.0,179.0,30.0,1.0,0,1.0,97.0,6.0
925,1.0,0.0,180.0,23.0,4.0,,1.0,80.0,0.0
926,99.0,0.0,182.0,26.0,4.0,0,unkwn,83.0,3.0
927,99.0,1.0,165.0,25.0,1.0,,1.0,85.0,7.0
928,2.0,0.0,N/A,22.0,6.0,,0.0,92.0,4.0
929,9.0,0.0,184.0,22.0,2.0,,1.0,N/A,5.0
930,6.0,0.0,171.0,24.0,0.0,0,unkwn,N/A,6.0
931,2.0,0.0,163.0,22.0,2.0,1,1.0,94.0,7.0
932,99.0,0.0,N/A,30.0,2.0,,1.0,94.0,5.0
933,5.0,0.0,179.0,25.0,1.0,1,1.0,92.0,6.0
934,9.0,0.0,174.0,25.0,6.0,1,0.0,N/A,1.0
935,16.0,0.0,181.0,29.0,6.0,1,unkwn,64.0,2.0
936,15.0,0.0,N/A,25.0,1.0,1,unkwn,93.0,1.0
937,99.0,0.0,180.0,25.0,4.0,,unkwn,88.0,1.0
938,15.0,0.0,171.0,28.0,0.0,,1.0,95.0,7.0
939,99.0,1.0,162.0,26.0,0.0,0,0.0,N/A,2.0
940,6.0,1.0,166.0,22.0,0.0,1,unkwn,77.0,3.0
941,3.0,1.0,171.0,20.0,4.0,0,0.0,N/A,7.0
942,16.0,0.0,171.0,27.0,1.0,0,1.0,68.0,2.0
943,10.0,0.0,175.0,24.0,6.0,1,unkwn,81.0,2.0
944,16.0,1.0,170.0,28.0,5.0,,1.0,93.0,7.0
945,18.0,0.0,180.0,28.0,1.0,0,1.0,N/A,2.0
946,12.0,0.0,N/A,25.0,2.0,1,1.0,78.0,2.0
947,3.0,0.0,172.0,22.0,4.0,,unkwn,88.0,9.0
948,14.0,1.0,N/A,27.0,3.0,0,unkwn,91.0,4.0
949,15.0,0.0,183.0,24.0,0.0,1,unkwn,88.0,4.0
950,10.0,0.0,181.0,28.0,1.0,1,1.0,95.0,3.0
951,9.0,1.0,146.0,23.0,1.0,1,unkwn,94.0,2.0
952,14.0,1.0,169.0,27.0,2.0,1,0.0,66.0,0.0
953,99.0,0.0,172.0,26.0,1.0,0,0.0,86.0,3.0
954,17.0,0.0,173.0,28.0,5.0,,unkwn,99.0,2.0
955,99.0,0.0,180.0,30.0,4.0,1,1.0,97.0,7.0
956,18.0,0.0,176.0,30.0,0.0,0,1.0,91.0,2.0
957,13.0,0.0,N/A,23.0,0.0,1,unkwn,95.0,2.0
958,2.0,1.0,172.0,24.0,0.0,0,unkwn,88.0,3.0
959,1.0,0.0,170.0,24.0,1.0,,1.0,83.0,7.0
960,9.0,0.0,165.0,26.0,0.0,0,0.0,N/A,4.0
961,99.0,0.0,181.0,28.0,4.0,0,1.0,90.0,9.0
962,99.0,1.0,158.0,27.0,2.0,0,1.0,79.0,6.0
963,19.0,1.0,181.0,25.0,1.0,1,1.0,81.0,1.0
964,14.0,0.0,N/A,27.0,0.0,,unkwn,86.0,2.0
965,16.0,0.0,181.0,26.0,1.0,0,1.0,76.0,0.0
966,9.0,0.0,N/A,22.0,1.0,0,unkwn,88.0,0.0
967,9.0,0.0,173.0,24.0,4.0,0,unkwn,79.0,1.0
968,20.0,1.0,171.0,32.0,0.0,1,unkwn,90.0,4.0
969,13.0,0.0,176.0,26.0,1.0,0,1.0,N/A,3.0
970,7.0,0.0,N/A,25.0,0.0,0,unkwn,91.0,1.0
971,1.0,0.0,183.0,22.0,6.0,0,1.0,88.0,2.0
972,11.0,0.0,N/A,23.0,0.0,1,unkwn,76.0,4.0
973,8.0,0.0,182.0,24.0,0.0,0,unkwn,52.0,2.0
974,6.0,1.0,161.0,26.0,3.0,1,unkwn,N/A,3.0
975,9.0,0.0,179.0,24.0,6.0,0,1.0,N/A,8.0
976,4.0,0.0,N/A,23.0,3.0,0,1.0,81.0,2.0
977,2.0,0.0,N/A,24.0,0.0,0,1.0,N/A,1.0
978,6.0,0.0,179.0,24.0,5.0,1,1.0,83.0,2.0
979,2.0,0.0,171.0,22.0,2.0,1,1.0,N/A,1.0
980,2.0,0.0,184.0,23.0,2.0,1,1.0,N/A,5.0
981,6.0,1.0,158.0,24.0,2.0,0,1.0,N/A,7.0
982,9.0,0.0,N/A,28.0,1.0,0,unkwn,N/A,7.0
983,13.0,0.0,180.0,27.0,0.0,0,1.0,99.0,4.0
984,4.0,0.0,165.0,21.0,0.0,1,1.0,92.0,0.0
985,4.0,1.0,161.0,25.0,3.0,0,1.0,N/A,6.0
986,12.0,0.0,N/A,25.0,0.0,0,1.0,90.0,0.0
987,5.0,0.0,169.0,23.0,1.0,0,1.0,94.0,3.0
988,7.0,0.0,174.0,27.0,0.0,,1.0,82.0,9.0
989,-4.0,0.0,180.0,20.0,4.0,,1.0,85.0,2.0
990,22.0,0.0,181.0,28.0,1.0,,unkwn,70.0,1.0
991,99.0,0.0,N/A,26.0,1.0,0,0.0,82.0,8.0
992,18.0,1.0,168.0,27.0,3.0,0,1.0,N/A,7.0
993,8.0,1.0,157.0,23.0,0.0,,unkwn,79.0,5.0
994,12.0,0.0,177.0,26.0,4.0,,1.0,95.0,7.0
995,99.0,0.0,180.0,34.0,6.0,0,1.0,87.0,3.0
996,22.0,1.0,161.0,32.0,0.0,0,0.0,94.0,2.0
997,17.0,0.0,171.0,27.0,5.0,0,unkwn,86.0,9.0
998,7.0,1.0,176.0,21.0,3.0,,1.0,N/A,5.0
999,13.0,0.0,177.0,29.0,0.0,,0.0,97.0,0.0
